coin,x_roi,x_exit_signal,x_stop_loss,profit_pct,cagr_pct,sharpe,pval,pf,mkt_change_pct,maxdd_pct,sharpe_d,calmar,trades,avg_profit_pct,dur,wins,losses,win_pct,error,years,vol1h,edge12,t,n,vol_2026_musd,fund_up_apy,pct_time_up,h1_profit_pct,h1_pf,h2_profit_pct,h2_pf,liq_ok,hist_ok,wf_ok
AAVE,28.0,161.0,21.0,-0.03,-0.01,-0.0,0.9903,1.0,-65.45,1.71,-0.0,-0.02,210.0,-0.0,2:57:00,132.0,78.0,62.9,,4.5,0.488,-0.058,-0.13,332,73.4,10.72,36.3,,,,,False,True,False
ADA,19.0,139.0,13.0,2.72,0.6,0.22,0.149,1.37,-89.14,1.06,0.69,2.99,171.0,0.16,2:27:00,122.0,49.0,71.3,,4.5,0.407,0.297,1.68,262,184.8,13.73,26.3,2.11,1.58,0.61,1.17,True,True,True
ALGO,27.0,110.0,13.0,1.75,0.39,0.12,0.3954,1.2,-94.96,1.53,0.42,1.33,150.0,0.12,2:54:00,103.0,47.0,68.7,,4.5,0.468,1.294,4.7,234,17.4,13.4,26.0,,,,,False,True,False
APT,23.0,81.0,15.0,-0.6,-0.17,-0.05,0.7554,0.93,-89.09,1.99,-0.15,-0.44,119.0,-0.05,2:38:00,72.0,47.0,60.5,,3.7,0.493,0.055,0.1,181,38.0,14.77,26.8,,,,,False,True,False
ATOM,22.0,142.0,12.0,2.93,0.64,0.24,0.1292,1.36,-95.46,1.19,0.69,2.86,176.0,0.18,2:51:00,123.0,53.0,69.9,,4.5,0.425,-0.26,-1.77,261,18.9,7.68,27.5,2.66,1.59,0.28,1.08,False,True,True
AVAX,23.0,141.0,21.0,-3.2,-0.72,-0.22,0.1657,0.75,-94.05,4.11,-0.62,-0.91,185.0,-0.18,2:59:00,116.0,69.0,62.7,,4.5,0.448,0.022,-0.01,300,127.1,13.3,29.7,,,,,True,True,False
BCH,28.0,177.0,16.0,-2.0,-0.45,-0.16,0.3682,0.84,-54.1,3.14,-0.45,-0.74,221.0,-0.09,3:17:00,130.0,91.0,58.8,,4.5,0.357,0.104,0.78,361,107.0,-1.06,35.0,,,,,True,True,False
BNB,3.0,236.0,6.0,-0.92,-0.21,-0.12,0.5106,0.88,7.46,1.71,-0.31,-0.63,245.0,-0.04,3:20:00,153.0,92.0,62.4,,4.5,0.26,0.098,1.23,379,347.4,-4.62,42.1,,,,,True,True,False
BTC,4.0,246.0,5.0,-0.4,-0.09,-0.06,0.7557,0.93,28.2,1.71,-0.14,-0.27,255.0,-0.02,3:01:00,166.0,89.0,65.1,,4.5,0.211,0.142,1.96,375,11918.3,9.9,42.1,-1.03,0.71,0.63,1.24,True,True,False
CHZ,32.0,165.0,16.0,3.32,0.73,0.25,0.1453,1.31,-93.49,1.61,0.69,2.41,213.0,0.16,2:45:00,143.0,70.0,67.1,,4.5,0.465,0.805,3.74,314,24.0,7.13,31.9,1.79,1.28,1.54,1.35,False,True,True
CRV,28.0,98.0,25.0,-2.98,-0.67,-0.18,0.2143,0.76,-96.58,4.1,-0.59,-0.85,151.0,-0.2,2:46:00,81.0,70.0,53.6,,4.5,0.548,-0.169,-0.66,241,34.6,9.59,28.1,,,,,False,True,False
DOGE,18.0,143.0,18.0,-0.89,-0.2,-0.07,0.6751,0.91,-57.81,2.5,-0.18,-0.42,179.0,-0.05,2:52:00,112.0,67.0,62.6,,4.5,0.392,0.325,1.64,279,508.9,14.37,31.4,,,,,True,True,False
DOT,13.0,116.0,11.0,-0.4,-0.09,-0.03,0.8202,0.95,-96.99,1.9,-0.1,-0.25,140.0,-0.03,2:41:00,88.0,52.0,62.9,,4.5,0.407,-0.03,-0.42,201,77.3,11.01,24.6,,,,,False,True,False
DYDX,36.0,100.0,26.0,-1.04,-0.23,-0.06,0.6833,0.92,-98.09,2.45,-0.19,-0.49,162.0,-0.07,2:30:00,103.0,59.0,63.6,,4.5,0.577,0.286,0.98,252,11.5,12.06,28.3,,,,,False,True,False
EGLD,19.0,92.0,8.0,4.02,0.88,0.33,0.01145,1.9,-98.92,0.82,1.16,5.72,119.0,0.35,2:22:00,88.0,31.0,73.9,,4.5,0.444,0.675,2.49,165,3.7,15.6,22.2,2.32,1.96,1.7,1.83,False,True,True
ENA,21.0,50.0,8.0,2.87,1.3,0.39,0.0743,1.64,-92.2,0.73,1.25,9.48,79.0,0.38,2:25:00,59.0,20.0,74.7,,2.2,0.704,1.586,3.23,116,103.2,-4.84,25.0,,,,,True,False,False
ETC,24.0,128.0,11.0,2.36,0.52,0.18,0.2211,1.3,-79.51,1.56,0.55,1.76,163.0,0.14,2:45:00,116.0,47.0,71.2,,4.5,0.374,0.652,2.95,237,26.9,14.3,28.7,0.8,1.15,1.57,1.6,False,True,True
ETH,6.0,210.0,8.0,-1.19,-0.26,-0.13,0.4557,0.86,-57.18,3.1,-0.35,-0.45,224.0,-0.05,3:11:00,143.0,81.0,63.8,,4.5,0.282,-0.012,-0.06,334,9808.2,10.71,37.7,-1.71,0.68,0.52,1.18,True,True,False
FIL,25.0,93.0,17.0,0.79,0.17,0.05,0.7166,1.09,-97.91,1.44,0.18,0.64,135.0,0.06,2:35:00,89.0,46.0,65.9,,4.5,0.443,-0.023,-0.25,188,100.1,17.78,24.1,,,,,True,True,False
GALA,38.0,80.0,20.0,1.86,0.41,0.11,0.4303,1.19,-99.51,2.03,0.4,1.07,138.0,0.13,2:17:00,100.0,38.0,72.5,,4.5,0.542,0.093,0.09,195,25.0,19.07,22.8,,,,,False,True,False
GRT,24.0,87.0,16.0,0.19,0.04,0.01,0.9293,1.02,-97.3,1.95,0.05,0.11,127.0,0.01,2:34:00,83.0,44.0,65.4,,4.5,0.511,0.583,2.12,209,4.8,13.92,24.8,,,,,False,True,False
HBAR,29.0,118.0,14.0,2.57,0.56,0.18,0.2193,1.3,-75.67,2.6,0.58,1.15,161.0,0.16,2:45:00,102.0,59.0,63.4,,4.5,0.448,0.211,0.81,237,33.0,11.14,27.2,-0.27,0.95,2.83,1.86,False,True,False
ICP,22.0,98.0,20.0,0.06,0.01,0.0,0.979,1.01,-91.31,2.62,0.02,0.03,140.0,0.0,2:37:00,96.0,44.0,68.6,,4.4,0.473,-0.032,-0.16,212,29.9,13.18,25.3,,,,,False,True,False
IMX,37.0,126.0,14.0,3.33,0.76,0.24,0.1329,1.34,-91.81,2.47,0.68,1.63,177.0,0.19,2:52:00,116.0,61.0,65.5,,4.4,0.577,0.262,1.02,286,4.2,6.05,29.5,2.9,1.52,0.42,1.1,False,True,True
INJ,42.0,140.0,19.0,5.01,1.29,0.41,0.03715,1.48,220.15,1.08,1.06,6.39,201.0,0.25,2:36:00,137.0,64.0,68.2,,3.9,0.585,0.391,2.26,306,26.9,1.65,39.2,3.6,1.6,1.42,1.31,False,True,True
LDO,29.0,92.0,20.0,-1.34,-0.36,-0.1,0.5656,0.88,-78.8,3.09,-0.29,-0.61,141.0,-0.1,3:00:00,85.0,56.0,60.3,,3.8,0.554,0.119,0.47,233,15.6,14.94,30.6,,,,,False,True,False
LINK,18.0,171.0,11.0,2.48,0.55,0.22,0.1841,1.32,-63.44,1.55,0.64,1.87,200.0,0.12,2:51:00,139.0,61.0,69.5,,4.5,0.436,0.522,3.42,300,120.6,12.82,36.0,0.71,1.16,1.77,1.55,True,True,True
LTC,18.0,185.0,10.0,1.35,0.3,0.13,0.4482,1.16,-71.3,1.77,0.37,0.89,213.0,0.06,2:54:00,145.0,68.0,68.1,,4.5,0.343,-0.125,-0.75,328,73.1,12.86,34.4,,,,,False,True,False
MANA,17.0,111.0,12.0,-0.4,-0.09,-0.03,0.8334,0.95,-98.08,2.34,-0.1,-0.2,140.0,-0.03,2:50:00,89.0,51.0,63.6,,4.5,0.451,0.627,1.78,210,5.1,14.02,24.1,,,,,False,True,False
NEAR,39.0,161.0,21.0,2.79,0.61,0.19,0.2716,1.21,-87.52,2.97,0.53,1.09,221.0,0.13,2:48:00,145.0,76.0,65.6,,4.5,0.54,0.284,1.23,346,107.6,12.45,34.4,5.02,2.07,-2.24,0.73,True,True,False
ONDO,19.0,66.0,12.0,0.78,0.33,0.1,0.6613,1.12,40.98,1.15,0.29,1.49,97.0,0.08,2:42:00,63.0,34.0,64.9,,2.4,0.596,0.872,2.07,150,34.1,13.01,32.4,,,,,False,False,False
ORDI,20.0,57.0,12.0,0.84,0.32,0.09,0.6441,1.14,-80.25,1.62,0.31,1.05,89.0,0.1,2:34:00,63.0,26.0,70.8,,2.6,0.624,-0.971,-2.28,130,14.8,12.18,27.5,,,,,False,False,False
POL,7.0,34.0,5.0,0.41,0.24,0.07,0.7226,1.15,-81.55,1.0,0.3,1.25,46.0,0.09,2:26:00,32.0,14.0,69.6,,1.7932648401826483,,,,-1,16.2,5.94,22.9,,,,,False,False,False
RENDER,11.0,65.0,4.0,2.83,1.51,0.58,0.02303,1.97,-66.31,0.59,1.65,13.39,80.0,0.37,2:36:00,56.0,24.0,70.0,,1.9277397260273972,,,,-1,25.7,4.28,30.1,,,,,False,False,False
SAND,24.0,77.0,20.0,-0.9,-0.2,-0.05,0.6825,0.91,-99.22,2.03,-0.2,-0.52,121.0,-0.08,2:25:00,80.0,41.0,66.1,,4.5,0.45,0.657,1.06,176,12.0,15.24,21.4,,,,,False,True,False
SEI,32.0,64.0,20.0,0.03,0.01,0.0,0.9902,1.0,-60.93,1.4,0.01,0.04,116.0,0.0,2:08:00,74.0,42.0,63.8,,2.9,0.573,0.236,0.6,167,20.5,12.31,30.6,,,,,False,False,False
SOL,21.0,178.0,10.0,4.24,0.93,0.38,0.02367,1.56,-56.85,0.72,1.08,6.88,209.0,0.2,2:49:00,146.0,63.0,69.9,,4.5,0.447,0.5,3.1,304,1991.6,11.79,36.2,3.61,1.72,0.64,1.24,True,True,True
STX,20.0,91.0,17.0,-0.89,-0.27,-0.08,0.6697,0.9,-79.61,3.48,-0.23,-0.41,128.0,-0.07,2:50:00,82.0,46.0,64.1,,3.4,0.518,0.603,1.72,210,5.5,19.99,29.9,,,,,False,True,False
SUI,33.0,97.0,15.0,2.8,0.89,0.27,0.1859,1.33,-29.49,2.25,0.78,2.1,145.0,0.19,2:31:00,96.0,49.0,66.2,,3.2,0.537,0.532,2.43,232,192.6,11.68,35.1,2.73,2.5,0.07,1.01,True,True,True
TAO,14.0,54.0,6.0,2.59,1.19,0.38,0.07678,1.73,-46.87,0.97,1.16,6.51,74.0,0.36,2:46:00,55.0,19.0,74.3,,2.2,0.628,-0.264,-0.5,115,135.4,2.04,27.7,,,,,True,False,False
TIA,18.0,45.0,7.0,0.86,0.33,0.1,0.5707,1.19,-92.68,1.25,0.32,1.37,70.0,0.14,2:36:00,42.0,28.0,60.0,,2.7,0.639,-0.226,-0.57,114,25.6,-2.25,22.8,,,,,False,False,False
TRX,7.0,297.0,12.0,-6.89,-1.58,-0.78,0.0001895,0.46,321.34,6.93,-1.82,-1.16,316.0,-0.22,3:59:00,169.0,147.0,53.5,,4.5,0.19,-0.017,0.49,537,52.1,2.15,52.8,,,,,False,True,False
UNI,20.0,154.0,19.0,-1.26,-0.28,-0.09,0.5611,0.89,-83.34,2.97,-0.27,-0.5,193.0,-0.07,3:00:00,119.0,74.0,61.7,,4.5,0.467,-0.072,-0.35,296,61.5,13.28,33.2,,,,,False,True,False
WLD,42.0,45.0,12.0,4.59,1.57,0.43,0.02102,1.75,-77.01,1.27,1.38,6.57,99.0,0.48,1:58:00,72.0,27.0,72.7,,2.9,0.631,0.416,1.14,140,85.8,16.37,29.3,,,,,False,False,False
XLM,17.0,120.0,17.0,-1.88,-0.42,-0.13,0.366,0.81,-35.38,2.99,-0.36,-0.73,154.0,-0.12,2:39:00,96.0,58.0,62.3,,4.5,0.366,0.156,0.84,221,42.2,10.39,29.4,,,,,False,True,False
XRP,21.0,143.0,11.0,1.78,0.39,0.15,0.3465,1.23,24.89,0.81,0.49,2.55,175.0,0.1,2:41:00,113.0,62.0,64.6,,4.5,0.334,0.655,3.16,238,700.8,11.14,34.0,1.04,1.27,0.74,1.18,True,True,True
